{"x": [0.3989998594091809, 0.3271216277643588, 0.24187942506501703, 0.7856555861385063, 0.8811963233916666], "y": [0.05888917891914891, 0.6962771830664648, 0.22841543226463867, 0.6795813105150461, 0.22709868566647462]}